month,LIncome,L2020,L2030,L2040,L2050
Aug-2005,0.17,0.15,0.07,0.07,
Sep-2005,0.52,1.06,1.17,1.35,
Oct-2005,-0.17,-1.34,-1.67,-1.9,
Nov-2005,1.03,2.42,2.8,3.08,
Dec-2005,0.59,1.11,1.22,1.32,
Jan-2006,1.1,2.92,3.4,3.84,
Feb-2006,0.25,0.07,0,-0.07,
Mar-2006,0.67,1.56,1.71,1.98,
Apr-2006,0.74,1.47,1.62,1.75,
May-2006,-0.33,-2.06,-2.45,-2.87,
Jun-2006,0.33,0.28,0.27,0.26,
Jul-2006,0.49,0.35,0.2,0.13,
Aug-2006,0.9,1.81,1.96,2.22,
Sep-2006,0.73,1.17,1.33,1.41,
Oct-2006,1.04,2.51,2.94,3.28,
Nov-2006,0.79,1.78,2.03,2.32,
Dec-2006,0.63,1.17,1.18,1.31,
Jan-2007,0.63,1.22,1.42,1.53,
Feb-2007,0.16,-0.38,-0.49,-0.64,
Mar-2007,0.62,1.08,1.16,1.34,
Apr-2007,1.08,2.58,2.95,3.28,
May-2007,0.92,2.15,2.52,2.79,
Jun-2007,0.08,-0.54,-0.8,-0.92,
Jul-2007,-0.23,-1.75,-2.13,-2.52,
Aug-2007,0.61,0.8,0.88,0.9,
Sep-2007,1.13,2.68,3.09,3.45,
Oct-2007,0.82,1.84,2.09,2.37,
Nov-2007,-0.44,-2.33,-2.94,-3.36,
Dec-2007,0.07,-0.54,-0.63,-0.82,
Jan-2008,-0.97,-3.9,-4.71,-5.37,
Feb-2008,-0.22,-1.25,-1.51,-1.8,
Mar-2008,0.23,-0.06,-0.18,-0.29,
Apr-2008,1.2,3.23,3.74,4.26,
May-2008,0.59,1.23,1.48,1.65,
Jun-2008,-1.47,-4.97,-5.88,-6.7,
Jul-2008,0,-0.82,-1.07,-1.31,
Aug-2008,0.35,0.16,0.17,0.11,
Sep-2008,-1.75,-6.01,-7.24,-8.35,
Oct-2008,-3.44,-11.1,-13.4,-15.4,
Nov-2008,-0.84,-3.91,-4.96,-5.85,
Dec-2008,1.21,2.82,3.24,3.63,
Jan-2009,-1.74,-5.58,-6.69,-7.67,
Feb-2009,-1.98,-6.22,-7.47,-8.52,
Mar-2009,2.06,5.35,6.3,7.08,
Apr-2009,2.37,6.79,8.2,9.38,
May-2009,1.7,4.66,5.45,6.19,
Jun-2009,0.26,0.14,0.12,0.09,
Jul-2009,1.94,5.16,6.16,7.01,
Aug-2009,1.07,2.57,3.02,3.41,
Sep-2009,1.08,2.63,3.14,3.56,
Oct-2009,-0.26,-1.39,-1.81,-2.15,
Nov-2009,1.27,3,3.55,3.98,
Dec-2009,0.59,1.5,1.85,2.12,
Jan-2010,-0.45,-2.03,-2.49,-2.88,
Feb-2010,0.74,1.61,1.94,2.18,
Mar-2010,1.43,3.75,4.52,5.15,
Apr-2010,0.5,0.76,0.94,1.05,
May-2010,-1.5,-4.98,-6.07,-6.97,
Jun-2010,-0.61,-2.34,-2.98,-3.47,
Jul-2010,1.81,4.82,5.8,6.6,
Aug-2010,-0.63,-2.29,-2.88,-3.33,
Sep-2010,2,5.54,6.77,7.76,
Oct-2010,0.92,2.29,2.78,3.16,
Nov-2010,-0.05,-0.49,-0.56,-0.64,
Dec-2010,1.49,4.08,4.96,5.67,
Jan-2011,0.63,1.35,1.57,1.75,
Feb-2011,0.9,2.15,2.6,2.95,3.28
Mar-2011,0.17,-0.03,-0.05,-0.08,-0.15
Apr-2011,1.01,2.37,2.83,3.2,3.57
May-2011,-0.05,-0.74,-0.97,-1.15,-1.39
Jun-2011,-0.18,-0.84,-1.1,-1.3,-1.48
Jul-2011,-0.14,-0.94,-1.25,-1.49,-1.75
Aug-2011,-1.1,-3.69,-4.63,-5.37,-6.16
Sep-2011,-1.51,-4.73,-5.92,-6.85,-7.8
Oct-2011,2.31,6.18,7.68,8.83,9.92
Nov-2011,0.02,-0.34,-0.49,-0.62,-0.78
Dec-2011,0.2,0.11,0.09,0.07,-0.01
Jan-2012,1.18,3.03,3.77,4.34,4.87
Feb-2012,0.98,2.53,3.1,3.54,3.99
Mar-2012,0.54,1.23,1.49,1.68,1.86
Apr-2012,0.01,-0.38,-0.52,-0.63,-0.78
May-2012,-1.38,-4.2,-5.23,-6,-6.85
Jun-2012,1.04,2.72,3.32,3.77,4.27
Jul-2012,0.37,0.63,0.71,0.75,0.78
Aug-2012,0.63,1.57,1.94,2.23,2.51
Sep-2012,0.62,1.52,1.87,2.12,2.38
Oct-2012,-0.11,-0.45,-0.6,-0.71,-0.8
Nov-2012,0.34,0.77,0.93,1.06,1.19
Dec-2012,0.47,1.19,1.48,1.69,1.93
Jan-2013,1.1,2.83,3.56,4.11,4.63
Feb-2013,0.27,0.41,0.49,0.54,0.56
Mar-2013,0.73,1.69,2.12,2.44,2.71
Apr-2013,0.67,1.58,1.91,2.13,2.41
May-2013,0.19,0.33,0.43,0.51,0.53
Jun-2013,-0.3,-0.94,-1.2,-1.4,-1.59
Jul-2013,1.21,2.95,3.72,4.29,4.83
Aug-2013,-0.39,-1.22,-1.6,-1.87,-2.11
Sep-2013,1.12,2.71,3.4,3.9,4.42
Oct-2013,1.01,2.23,2.75,3.11,3.47
Nov-2013,0.58,1.24,1.54,1.74,1.93
Dec-2013,0.58,1.25,1.56,1.77,1.98
Jan-2014,-0.42,-1.57,-2.04,-2.35,-2.71
Feb-2014,1.15,2.73,3.44,3.94,4.44
Mar-2014,0.19,0.17,0.14,0.12,0.09
Apr-2014,0.31,0.39,0.37,0.32,0.32
May-2014,0.64,1.2,1.46,1.63,1.78
Jun-2014,0.58,1.19,1.52,1.77,1.96
Jul-2014,-0.26,-0.97,-1.34,-1.63,-1.86
Aug-2014,0.84,1.64,2.07,2.4,2.61
Sep-2014,-0.42,-1.36,-1.84,-2.18,-2.5
Oct-2014,0.61,1.09,1.36,1.58,1.7
Nov-2014,0.55,1.04,1.27,1.42,1.55
Dec-2014,-0.04,-0.5,-0.67,-0.76,-0.94
Jan-2015,-0.08,-0.58,-0.83,-1.02,-1.18
Feb-2015,1.19,2.95,3.8,4.39,4.99
Mar-2015,-0.07,-0.44,-0.58,-0.64,-0.76
Apr-2015,0.37,0.81,0.95,1,1.16
May-2015,0.3,0.5,0.62,0.72,0.78
Jun-2015,-0.33,-0.97,-1.28,-1.46,-1.66
Jul-2015,0.55,1.03,1.22,1.33,1.46
Aug-2015,-1.1,-3.06,-4.04,-4.69,-5.37
Sep-2015,-0.51,-1.67,-2.26,-2.67,-3.09
Oct-2015,1.64,3.72,4.88,5.58,6.31
Nov-2015,0.17,0.17,0.2,0.24,0.24
Dec-2015,-0.28,-0.92,-1.32,-1.61,-1.85
Jan-2016,-0.91,-2.55,-3.58,-4.21,-4.86
Feb-2016,0.01,-0.24,-0.41,-0.51,-0.63
Mar-2016,1.53,3.35,4.54,5.25,5.94
Apr-2016,0.34,0.58,0.75,0.85,0.95
May-2016,0.38,0.69,0.91,1.03,1.15
Jun-2016,0.11,-0.12,-0.31,-0.43,-0.58
Jul-2016,1,2.01,2.85,3.31,3.74
Aug-2016,0.13,0.16,0.18,0.2,0.21
Sep-2016,0.2,0.3,0.38,0.43,0.48
Oct-2016,-0.38,-0.91,-1.39,-1.66,-1.89
Nov-2016,0.49,1.05,1.57,1.87,2.19
Dec-2016,0.64,1.13,1.59,1.82,2.04
Jan-2017,0.61,1.04,1.48,1.7,1.91
Feb-2017,0.77,1.36,1.96,2.25,2.51
Mar-2017,0.33,0.48,0.64,0.71,0.78
Apr-2017,0.5,0.76,1.07,1.21,1.34
May-2017,0.55,0.86,1.22,1.38,1.51
Jun-2017,0.26,0.35,0.46,0.52,0.58
Jul-2017,0.6,0.96,1.42,1.63,1.82
Aug-2017,0.22,0.21,0.19,0.17,0.15
Sep-2017,0.6,1.02,1.6,1.87,2.14
Oct-2017,0.54,0.83,1.27,1.46,1.63
Nov-2017,0.62,0.99,1.55,1.8,2.03
Dec-2017,0.41,0.57,0.81,0.92,1
Jan-2018,1.1,1.84,3.12,3.66,4.15
Feb-2018,-0.7,-1.34,-2.48,-2.98,-3.41
Mar-2018,-0.08,-0.33,-0.78,-0.96,-1.11
Apr-2018,0.3,0.36,0.55,0.62,0.69
May-2018,0.5,0.66,0.98,1.13,1.26
Jun-2018,0.19,0.17,0.14,0.13,0.12
Jul-2018,0.79,1.12,1.91,2.21,2.48
Aug-2018,0.61,0.8,1.28,1.47,1.65
Sep-2018,0.21,0.22,0.23,0.22,0.21
Oct-2018,-1.4,-2.24,-4.6,-5.54,-6.35
Nov-2018,0.53,0.65,0.99,1.12,1.22
Dec-2018,-1.31,-2.18,-4.64,-5.61,-6.45
Jan-2019,1.83,2.53,4.92,5.86,6.67
Feb-2019,0.8,1.06,2,2.36,2.68
Mar-2019,0.52,0.61,0.87,0.96,1.02
Apr-2019,0.89,1.16,2.23,2.62,2.96
May-2019,-0.98,-1.42,-3.36,-4.06,-4.67
Jun-2019,1.57,2.04,4.11,4.87,5.52
Jul-2019,0.19,0.21,0.21,0.22,0.22
Aug-2019,-0.12,-0.24,-0.96,-1.22,-1.46
Sep-2019,0.51,0.63,1.28,1.50,1.69